-- MySQL dump 10.13  Distrib 8.0.18, for macos10.14 (x86_64)
--
-- Host: karmafy.cpxx2qwfbjfv.us-west-2.rds.amazonaws.com    Database: apl
-- ------------------------------------------------------
-- Server version	5.7.22-log

/*!40101 SET @OLD_CHARACTER_SET_CLIENT=@@CHARACTER_SET_CLIENT */;
/*!40101 SET @OLD_CHARACTER_SET_RESULTS=@@CHARACTER_SET_RESULTS */;
/*!40101 SET @OLD_COLLATION_CONNECTION=@@COLLATION_CONNECTION */;
/*!50503 SET NAMES utf8 */;
/*!40103 SET @OLD_TIME_ZONE=@@TIME_ZONE */;
/*!40103 SET TIME_ZONE='+00:00' */;
/*!40014 SET @OLD_UNIQUE_CHECKS=@@UNIQUE_CHECKS, UNIQUE_CHECKS=0 */;
/*!40014 SET @OLD_FOREIGN_KEY_CHECKS=@@FOREIGN_KEY_CHECKS, FOREIGN_KEY_CHECKS=0 */;
/*!40101 SET @OLD_SQL_MODE=@@SQL_MODE, SQL_MODE='NO_AUTO_VALUE_ON_ZERO' */;
/*!40111 SET @OLD_SQL_NOTES=@@SQL_NOTES, SQL_NOTES=0 */;

--
-- Table structure for table `asset_managers`
--

DROP TABLE IF EXISTS `asset_managers`;
/*!40101 SET @saved_cs_client     = @@character_set_client */;
/*!50503 SET character_set_client = utf8mb4 */;
CREATE TABLE `asset_managers` (
  `id` int(11) NOT NULL AUTO_INCREMENT,
  `product_id` int(11) NOT NULL,
  `createdAt` datetime NOT NULL,
  `updatedAt` datetime NOT NULL,
  `asset_id` int(11) NOT NULL,
  PRIMARY KEY (`id`)
) ENGINE=InnoDB AUTO_INCREMENT=16 DEFAULT CHARSET=latin1;
/*!40101 SET character_set_client = @saved_cs_client */;

--
-- Dumping data for table `asset_managers`
--

LOCK TABLES `asset_managers` WRITE;
/*!40000 ALTER TABLE `asset_managers` DISABLE KEYS */;
INSERT INTO `asset_managers` VALUES (1,1,'0000-00-00 00:00:00','0000-00-00 00:00:00',14),(2,1,'0000-00-00 00:00:00','0000-00-00 00:00:00',15),(3,1,'0000-00-00 00:00:00','0000-00-00 00:00:00',16),(4,1,'0000-00-00 00:00:00','0000-00-00 00:00:00',17),(5,1,'0000-00-00 00:00:00','0000-00-00 00:00:00',18),(6,1,'0000-00-00 00:00:00','0000-00-00 00:00:00',19),(7,1,'0000-00-00 00:00:00','0000-00-00 00:00:00',20),(8,1,'0000-00-00 00:00:00','0000-00-00 00:00:00',21),(9,1,'0000-00-00 00:00:00','0000-00-00 00:00:00',22),(10,1,'0000-00-00 00:00:00','0000-00-00 00:00:00',23),(11,1,'0000-00-00 00:00:00','0000-00-00 00:00:00',24),(12,1,'0000-00-00 00:00:00','0000-00-00 00:00:00',25),(13,1,'0000-00-00 00:00:00','0000-00-00 00:00:00',26),(14,1,'0000-00-00 00:00:00','0000-00-00 00:00:00',27),(15,1,'0000-00-00 00:00:00','0000-00-00 00:00:00',30);
/*!40000 ALTER TABLE `asset_managers` ENABLE KEYS */;
UNLOCK TABLES;

--
-- Table structure for table `assets`
--

DROP TABLE IF EXISTS `assets`;
/*!40101 SET @saved_cs_client     = @@character_set_client */;
/*!50503 SET character_set_client = utf8mb4 */;
CREATE TABLE `assets` (
  `id` int(10) NOT NULL AUTO_INCREMENT,
  `url` varchar(100) NOT NULL,
  `thumb` varchar(100) DEFAULT NULL,
  `style` json DEFAULT NULL,
  `animation` varchar(100) DEFAULT NULL,
  `product_id` int(11) DEFAULT NULL,
  `order` int(11) DEFAULT NULL,
  `createdAt` datetime DEFAULT CURRENT_TIMESTAMP,
  `updatedAt` datetime DEFAULT CURRENT_TIMESTAMP,
  PRIMARY KEY (`id`)
) ENGINE=InnoDB AUTO_INCREMENT=284 DEFAULT CHARSET=latin1;
/*!40101 SET character_set_client = @saved_cs_client */;

--
-- Dumping data for table `assets`
--

LOCK TABLES `assets` WRITE;
/*!40000 ALTER TABLE `assets` DISABLE KEYS */;
INSERT INTO `assets` VALUES (4,'build1.png','thumb-build1.png',NULL,NULL,1,2,'2019-12-15 11:15:22','2019-12-15 11:15:22'),(5,'build2.png','thumb-build2.png',NULL,NULL,1,3,'2019-12-15 11:15:23','2019-12-15 11:15:23'),(6,'chaukhat.png','thumb-chaukhat.png',NULL,NULL,6,2,'2019-12-15 11:15:23','2019-12-15 11:15:23'),(7,'chaukhat2.png','thumb-chaukhat2.png',NULL,NULL,6,3,'2019-12-15 11:15:23','2019-12-15 11:15:23'),(8,'costguard1.png','thumb-costguard1.png',NULL,NULL,8,2,'2019-12-15 11:15:23','2019-12-15 11:15:23'),(9,'costguard2.png','thumb-costguard2.png',NULL,NULL,8,3,'2019-12-15 11:15:24','2019-12-15 11:15:24'),(10,'elegant1.png','thumb-elegant1.png',NULL,NULL,10,2,'2019-12-15 11:15:24','2019-12-15 11:15:24'),(11,'elegant2.png','thumb-elegant2.png',NULL,NULL,10,3,'2019-12-15 11:15:24','2019-12-15 11:15:24'),(12,'plank1.png','thumb-plank1.png',NULL,NULL,41,2,'2019-12-15 11:15:25','2019-12-15 11:15:25'),(13,'plank2.png','thumb-plank2.png',NULL,NULL,41,3,'2019-12-15 11:15:25','2019-12-15 11:15:25'),(14,'signature1.png','thumb-signature1.png',NULL,NULL,52,2,'2019-12-15 11:15:25','2019-12-15 11:15:25'),(15,'signature2.png','thumb-signature2.png',NULL,NULL,52,3,'2019-12-15 11:15:25','2019-12-15 11:15:25'),(16,'standard1.png','thumb-standard1.png',NULL,NULL,62,2,'2019-12-15 11:15:26','2019-12-15 11:15:26'),(17,'standard2.png','thumb-standard2.png',NULL,NULL,62,3,'2019-12-15 11:15:26','2019-12-15 11:15:26'),(18,'base_image.png','thumb-base_image.png',NULL,'Build-alpha.gif',1,1,'2019-12-15 11:17:14','2019-12-15 11:17:14'),(19,'base_image.png','thumb-base_image.png',NULL,NULL,6,1,'2019-12-15 11:17:14','2019-12-15 11:17:14'),(20,'base_image.png','thumb-base_image.png',NULL,NULL,8,1,'2019-12-15 11:17:14','2019-12-15 11:17:14'),(22,'base_image.png','thumb-base_image.png',NULL,NULL,41,1,'2019-12-15 11:17:15','2019-12-15 11:17:15'),(23,'base_image.png','thumb-base_image.png',NULL,NULL,52,1,'2019-12-15 11:17:15','2019-12-15 11:17:15'),(24,'base_image.png','thumb-base_image.png',NULL,NULL,62,1,'2019-12-15 11:17:15','2019-12-15 11:17:15'),(26,'group-house1.png','thumb-group-house1.png',NULL,NULL,9,1,'2019-12-15 11:17:16','2019-12-15 11:17:16'),(27,'base_image.png','thumb-base_image.png',NULL,NULL,10,1,'2019-12-15 11:17:16','2019-12-15 11:17:16'),(33,'agricultural-vehicles-1.png','agricultural-vehicles-1-thumb.png',NULL,NULL,70,1,'2019-12-19 19:30:13','2019-12-19 19:30:13'),(34,'agricultural-vehicles-2.png','agricultural-vehicles-2-thumb.png',NULL,NULL,70,2,'2019-12-19 19:30:13','2019-12-19 19:30:13'),(35,'agricultural-vehicles-3.png','agricultural-vehicles-3-thumb.png',NULL,NULL,70,3,'2019-12-19 19:30:13','2019-12-19 19:30:13'),(36,'factory1.png','thumb-factory1.png',NULL,NULL,5,1,'2019-12-20 18:54:12','2019-12-20 18:54:12'),(37,'build1.png','thumb-build1.png',NULL,NULL,5,2,'2019-12-20 18:54:13','2019-12-20 18:54:13'),(38,'build2.png','thumb-build2.png',NULL,NULL,5,3,'2019-12-20 18:54:13','2019-12-20 18:54:13'),(39,'factory1.png','thumb-factory1.png',NULL,NULL,32,1,'2019-12-20 19:05:34','2019-12-20 19:05:34'),(40,'standard1.png','thumb-standard1.png',NULL,NULL,32,2,'2019-12-20 19:05:34','2019-12-20 19:05:34'),(41,'agricultural-vehicles-3.png','agricultural-vehicles-3-thumb.png',NULL,NULL,32,1,'2019-12-20 19:05:35','2019-12-20 19:05:35'),(42,'factory1.png','thumb-factory1.png',NULL,NULL,58,1,'2019-12-20 19:05:35','2019-12-20 19:05:35'),(43,'signature1.png','thumb-signature1.png',NULL,NULL,58,2,'2019-12-20 19:05:36','2019-12-20 19:05:36'),(44,'signature2.png','thumb-signature2.png',NULL,NULL,58,3,'2019-12-20 19:05:36','2019-12-20 19:05:36'),(45,'factory1.png','thumb-factory1.png',NULL,NULL,68,1,'2019-12-20 19:05:36','2019-12-20 19:05:36'),(46,'standard1.png','thumb-standard1.png',NULL,NULL,68,2,'2019-12-20 19:05:37','2019-12-20 19:05:37'),(47,'agricultural-vehicles-3.png','agricultural-vehicles-3-thumb.png',NULL,NULL,68,1,'2019-12-20 19:05:37','2019-12-20 19:05:37'),(48,'hospitals1.png','thumb-hospitals1.png',NULL,'hospital-build.gif',19,1,'2019-12-20 19:25:12','2019-12-20 19:25:12'),(49,'build1.png','thumb-build1.png',NULL,NULL,19,2,'2019-12-20 19:25:12','2019-12-20 19:25:12'),(50,'build2.png','thumb-build2.png',NULL,NULL,19,3,'2019-12-20 19:25:12','2019-12-20 19:25:12'),(51,'hospitals1.png','thumb-hospitals1.png',NULL,'hospital-fire-ready.gif',28,1,'2019-12-20 19:25:13','2019-12-20 19:25:13'),(52,'standard1.png','thumb-standard1.png',NULL,NULL,28,2,'2019-12-20 19:25:13','2019-12-20 19:25:13'),(53,'agricultural-vehicles-3.png','agricultural-vehicles-3-thumb.png',NULL,NULL,28,2,'2019-12-20 19:25:13','2019-12-20 19:25:13'),(54,'hospitals1.png','thumb-hospitals1.png',NULL,'hospital-plank.gif',45,1,'2019-12-20 19:25:14','2019-12-20 19:25:14'),(55,'plank1.png','thumb-plank1.png',NULL,NULL,45,2,'2019-12-20 19:25:14','2019-12-20 19:25:14'),(56,'plank2.png','thumb-plank2.png',NULL,NULL,45,3,'2019-12-20 19:25:15','2019-12-20 19:25:15'),(57,'hospitals1.png','thumb-hospitals1.png',NULL,NULL,66,1,'2019-12-20 19:25:15','2019-12-20 19:25:15'),(58,'standard1.png','thumb-standard1.png',NULL,NULL,66,2,'2019-12-20 19:25:15','2019-12-20 19:25:15'),(59,'standard2.png','thumb-standard2.png',NULL,NULL,66,3,'2019-12-20 19:25:16','2019-12-20 19:25:16'),(60,'hospitals1.png','thumb-hospitals1.png',NULL,'hospital-elegant.gif',14,1,'2019-12-20 19:25:17','2019-12-20 19:25:17'),(61,'elegant1.png','thumb-elegant1.png',NULL,NULL,14,2,'2019-12-20 19:25:17','2019-12-20 19:25:17'),(62,'elegant2.png','thumb-elegant2.png',NULL,NULL,14,3,'2019-12-20 19:25:18','2019-12-20 19:25:18'),(63,'fireready1.png','thumb-fireready1.png',NULL,NULL,33,2,'2019-12-20 20:11:14','2019-12-20 20:11:14'),(66,'costguard1.png','thumb-costguard1.png',NULL,NULL,9,2,'2019-12-20 20:25:49','2019-12-20 20:25:49'),(67,'costguard2.png','thumb-costguard2.png',NULL,NULL,9,3,'2019-12-20 20:25:49','2019-12-20 20:25:49'),(75,'build2.png','thumb-build2.png',NULL,NULL,22,3,'2019-12-20 20:25:52','2019-12-20 20:25:52'),(76,'fireready2.png','thumb-fireready2.png',NULL,NULL,33,3,'2019-12-20 20:25:52','2019-12-20 20:25:52'),(81,'hotel1.png','thumb-hotel1.png',NULL,'hotels-fabritech.gif',2,1,'2019-12-20 20:47:18','2019-12-20 20:47:18'),(82,'hotel1.png','thumb-hotel1.png',NULL,'hotels-elegant.gif',12,1,'2019-12-20 20:47:19','2019-12-20 20:47:19'),(83,'hotel1.png','thumb-hotel1.png',NULL,'hotels-fireready.gif',26,1,'2019-12-20 20:47:19','2019-12-20 20:47:19'),(84,'hotel1.png','thumb-hotel1.png',NULL,'hotels-planks.gif',43,1,'2019-12-20 20:47:20','2019-12-20 20:47:20'),(85,'hotel1.png','thumb-hotel1.png',NULL,'hotels-signature.gif',54,1,'2019-12-20 20:47:20','2019-12-20 20:47:20'),(86,'hotel1.png','thumb-hotel1.png',NULL,'hotels-standard.gif',64,1,'2019-12-20 20:47:20','2019-12-20 20:47:20'),(87,'elegant1.png','thumb-elegant1.png',NULL,NULL,12,2,'2019-12-20 20:47:21','2019-12-20 20:47:21'),(88,'elegant2.png','thumb-elegant2.png',NULL,NULL,12,3,'2019-12-20 20:47:22','2019-12-20 20:47:22'),(89,'plank1.png','thumb-plank1.png',NULL,NULL,43,2,'2019-12-20 20:47:22','2019-12-20 20:47:22'),(90,'plank2.png','thumb-plank2.png',NULL,NULL,43,3,'2019-12-20 20:47:23','2019-12-20 20:47:23'),(91,'signature1.png','thumb-signature1.png',NULL,NULL,54,2,'2019-12-20 20:47:23','2019-12-20 20:47:23'),(92,'signature2.png','thumb-signature2.png',NULL,NULL,54,3,'2019-12-20 20:47:23','2019-12-20 20:47:23'),(93,'build1.png','thumb-build1.png',NULL,NULL,2,2,'2019-12-20 20:47:24','2019-12-20 20:47:24'),(94,'build2.png','thumb-build2.png',NULL,NULL,2,3,'2019-12-20 20:47:24','2019-12-20 20:47:24'),(95,'fireready2.png','thumb-fireready2.png',NULL,NULL,26,3,'2019-12-20 20:47:24','2019-12-20 20:47:24'),(96,'fireready1.png','thumb-fireready1.png',NULL,NULL,26,2,'2019-12-20 20:47:25','2019-12-20 20:47:25'),(97,'standard2.png','thumb-standard1.png',NULL,NULL,64,3,'2019-12-20 20:47:26','2019-12-20 20:47:26'),(98,'standard1.png','thumb-standard2.png',NULL,NULL,64,2,'2019-12-20 20:47:26','2019-12-20 20:47:26'),(99,'mall1.png','thumb-mall1.png',NULL,NULL,3,1,'2019-12-20 20:54:42','2019-12-20 20:54:42'),(100,'build1.png','thumb-build1.png',NULL,NULL,3,2,'2019-12-20 20:54:43','2019-12-20 20:54:43'),(101,'build2.png','thumb-build2.png',NULL,NULL,3,3,'2019-12-20 20:54:44','2019-12-20 20:54:44'),(102,'mall1.png','thumb-mall1.png',NULL,NULL,13,1,'2019-12-20 20:54:44','2019-12-20 20:54:44'),(103,'elegant1.png','thumb-elegant1.png',NULL,NULL,13,2,'2019-12-20 20:54:45','2019-12-20 20:54:45'),(104,'elegant2.png','thumb-elegant2.png',NULL,NULL,13,3,'2019-12-20 20:54:45','2019-12-20 20:54:45'),(105,'mall1.png','thumb-mall1.png',NULL,NULL,27,1,'2019-12-20 20:54:45','2019-12-20 20:54:45'),(106,'fireready2.png','thumb-fireready2.png',NULL,NULL,27,3,'2019-12-20 20:54:46','2019-12-20 20:54:46'),(107,'fireready1.png','thumb-fireready1.png',NULL,NULL,27,2,'2019-12-20 20:54:46','2019-12-20 20:54:46'),(108,'mall1.png','thumb-mall1.png',NULL,NULL,44,1,'2019-12-20 20:54:46','2019-12-20 20:54:46'),(109,'plank1.png','thumb-plank1.png',NULL,NULL,44,2,'2019-12-20 20:54:47','2019-12-20 20:54:47'),(110,'plank2.png','thumb-plank2.png',NULL,NULL,44,3,'2019-12-20 20:54:47','2019-12-20 20:54:47'),(111,'mall1.png','thumb-mall1.png',NULL,NULL,65,1,'2019-12-20 20:54:47','2019-12-20 20:54:47'),(112,'standard2.png','thumb-standard1.png',NULL,NULL,65,3,'2019-12-20 20:54:48','2019-12-20 20:54:48'),(113,'standard1.png','thumb-standard2.png',NULL,NULL,65,2,'2019-12-20 20:54:48','2019-12-20 20:54:48'),(114,'fireready1.png','thumb-fireready1.png',NULL,NULL,24,2,'2019-12-20 22:39:20','2019-12-20 22:39:20'),(115,'fireready2.png','thumb-fireready2.png',NULL,NULL,24,3,'2019-12-20 22:39:21','2019-12-20 22:39:21'),(116,'airport1.png','thumb-airpot1.png',NULL,'airport-dft.gif',37,1,'2019-12-20 22:39:21','2019-12-20 22:39:21'),(117,'build1.png','thumb-build1.png',NULL,NULL,37,2,'2019-12-20 22:39:22','2019-12-20 22:39:22'),(118,'build2.png','thumb-build2.png',NULL,NULL,37,3,'2019-12-20 22:39:22','2019-12-20 22:39:22'),(119,'airport1.png','thumb-airpot1.png',NULL,NULL,63,1,'2019-12-20 22:39:23','2019-12-20 22:39:23'),(120,'standard1.png','thumb-standard1.png',NULL,NULL,63,2,'2019-12-20 22:39:23','2019-12-20 22:39:23'),(121,'standard2.png','thumb-standard2.png',NULL,NULL,63,3,'2019-12-20 22:39:23','2019-12-20 22:39:23'),(122,'bridge1.png','thumb-bridge1.png',NULL,'bridge-dft.gif',38,1,'2019-12-20 22:39:24','2019-12-20 22:39:24'),(123,'build1.png','thumb-build1.png',NULL,NULL,38,2,'2019-12-20 22:39:24','2019-12-20 22:39:24'),(124,'build2.png','thumb-build2.png',NULL,NULL,38,3,'2019-12-20 22:39:25','2019-12-20 22:39:25'),(125,'green-house1.png','thumb-green-house1.png',NULL,'green-house-green.gif',36,1,'2019-12-20 22:39:25','2019-12-20 22:39:25'),(126,'build1.png','thumb-build1.png',NULL,NULL,36,2,'2019-12-20 22:39:25','2019-12-20 22:39:25'),(127,'build2.png','thumb-build2.png',NULL,NULL,36,3,'2019-12-20 22:39:26','2019-12-20 22:39:26'),(128,'inds-eq.png','thumb-inds-eq.png',NULL,NULL,71,1,'2019-12-20 22:39:26','2019-12-20 22:39:26'),(129,'standard1.png','thumb-standard1.png',NULL,NULL,71,2,'2019-12-20 22:39:27','2019-12-20 22:39:27'),(130,'standard2.png','thumb-standard2.png',NULL,NULL,71,3,'2019-12-20 22:39:27','2019-12-20 22:39:27'),(131,'metro1.png','thumb-metro1.png',NULL,NULL,34,1,'2019-12-20 22:39:28','2019-12-20 22:39:28'),(132,'fireready1.png','thumb-fireready1.png',NULL,NULL,34,2,'2019-12-20 22:39:28','2019-12-20 22:39:28'),(133,'fireready2.png','thumb-fireready2.png',NULL,NULL,34,3,'2019-12-20 22:39:29','2019-12-20 22:39:29'),(134,'metro1.png','thumb-metro1.png',NULL,NULL,39,1,'2019-12-20 22:39:29','2019-12-20 22:39:29'),(135,'build1.png','thumb-build1.png',NULL,NULL,39,2,'2019-12-20 22:39:30','2019-12-20 22:39:30'),(136,'build2.png','thumb-build2.png',NULL,NULL,39,3,'2019-12-20 22:39:30','2019-12-20 22:39:30'),(137,'mining-eq.png','thumb-mining-eq.png',NULL,NULL,72,1,'2019-12-20 22:39:31','2019-12-20 22:39:31'),(138,'standard1.png','thumb-standard1.png',NULL,NULL,72,2,'2019-12-20 22:39:31','2019-12-20 22:39:31'),(139,'standard2.png','thumb-standard2.png',NULL,NULL,72,3,'2019-12-20 22:39:32','2019-12-20 22:39:32'),(140,'stadium1.png','thumb-stadium1.png',NULL,NULL,35,1,'2019-12-20 22:39:32','2019-12-20 22:39:32'),(141,'fireready1.png','thumb-fireready1.png',NULL,NULL,35,2,'2019-12-20 22:39:33','2019-12-20 22:39:33'),(142,'fireready2.png','thumb-fireready2.png',NULL,NULL,35,3,'2019-12-20 22:39:33','2019-12-20 22:39:33'),(143,'stadium1.png','thumb-stadium1.png',NULL,NULL,40,1,'2019-12-20 22:39:33','2019-12-20 22:39:33'),(144,'build1.png','thumb-build1.png',NULL,NULL,40,2,'2019-12-20 22:39:33','2019-12-20 22:39:33'),(145,'build2.png','thumb-build2.png',NULL,NULL,40,3,'2019-12-20 22:39:34','2019-12-20 22:39:34'),(146,'stadium1.png','thumb-stadium1.png',NULL,NULL,50,1,'2019-12-20 22:39:34','2019-12-20 22:39:34'),(147,'plank1.png','thumb-plank1.png',NULL,NULL,50,2,'2019-12-20 22:39:35','2019-12-20 22:39:35'),(148,'plank2.png','thumb-plank2.png',NULL,NULL,50,3,'2019-12-20 22:39:36','2019-12-20 22:39:36'),(149,'stadium1.png','thumb-stadium1.png',NULL,NULL,73,1,'2019-12-20 22:39:36','2019-12-20 22:39:36'),(150,'standard1.png','thumb-standard1.png',NULL,NULL,73,2,'2019-12-20 22:39:37','2019-12-20 22:39:37'),(151,'standard2.png','thumb-standard2.png',NULL,NULL,73,3,'2019-12-20 22:39:37','2019-12-20 22:39:37'),(152,'under-cons1.png','thumb-under-cons1.png',NULL,'under-const-scaff.gif',51,1,'2019-12-20 22:39:38','2019-12-20 22:39:38'),(153,'fireready1.png','thumb-fireready1.png',NULL,NULL,51,2,'2019-12-20 22:39:38','2019-12-20 22:39:38'),(154,'fireready2.png','thumb-fireready2.png',NULL,NULL,51,3,'2019-12-20 22:39:39','2019-12-20 22:39:39'),(155,'airport1.png','thumb-airpot1.png',NULL,'airport-fireready.gif',24,1,'2019-12-20 22:40:28','2019-12-20 22:40:28'),(197,'build1.png','thumb-build1.png',NULL,NULL,20,2,'2019-12-20 22:51:30','2019-12-20 22:51:30'),(198,'build2.png','thumb-build2.png',NULL,NULL,20,3,'2019-12-20 22:51:31','2019-12-20 22:51:31'),(199,'fireready1.png','thumb-fireready1.png',NULL,NULL,30,2,'2019-12-20 22:51:31','2019-12-20 22:51:31'),(200,'fireready2.png','thumb-fireready2.png',NULL,NULL,30,3,'2019-12-20 22:51:31','2019-12-20 22:51:31'),(201,'plank1.png','thumb-plank1.png',NULL,NULL,46,2,'2019-12-20 22:51:32','2019-12-20 22:51:32'),(202,'plank2.png','thumb-plank2.png',NULL,NULL,46,3,'2019-12-20 22:51:32','2019-12-20 22:51:32'),(203,'signature1.png','thumb-signature1.png',NULL,NULL,57,2,'2019-12-20 22:51:33','2019-12-20 22:51:33'),(204,'signature2.png','thumb-signature2.png',NULL,NULL,57,3,'2019-12-20 22:51:33','2019-12-20 22:51:33'),(205,'elegant1.png','thumb-elegant1.png',NULL,NULL,15,2,'2019-12-20 22:51:34','2019-12-20 22:51:34'),(206,'elegant2.png','thumb-elegant2.png',NULL,NULL,15,3,'2019-12-20 22:51:34','2019-12-20 22:51:34'),(207,'build1.png','thumb-build1.png',NULL,NULL,21,2,'2019-12-20 22:51:35','2019-12-20 22:51:35'),(208,'build2.png','thumb-build2.png',NULL,NULL,21,3,'2019-12-20 22:51:35','2019-12-20 22:51:35'),(209,'fireready1.png','thumb-fireready1.png',NULL,NULL,31,2,'2019-12-20 22:51:36','2019-12-20 22:51:36'),(210,'fireready2.png','thumb-fireready2.png',NULL,NULL,31,3,'2019-12-20 22:51:36','2019-12-20 22:51:36'),(211,'plank1.png','thumb-plank1.png',NULL,NULL,47,2,'2019-12-20 22:51:37','2019-12-20 22:51:37'),(212,'plank2.png','thumb-plank2.png',NULL,NULL,47,3,'2019-12-20 22:51:37','2019-12-20 22:51:37'),(213,'elegant1.png','thumb-elegant1.png',NULL,NULL,11,2,'2019-12-20 22:51:37','2019-12-20 22:51:37'),(214,'elegant2.png','thumb-elegant2.png',NULL,NULL,11,3,'2019-12-20 22:51:38','2019-12-20 22:51:38'),(215,'build1.png','thumb-build1.png',NULL,NULL,18,2,'2019-12-20 22:51:38','2019-12-20 22:51:38'),(216,'build2.png','thumb-build2.png',NULL,NULL,18,3,'2019-12-20 22:51:39','2019-12-20 22:51:39'),(217,'fireready1.png','thumb-fireready1.png',NULL,NULL,25,2,'2019-12-20 22:51:39','2019-12-20 22:51:39'),(218,'fireready2.png','thumb-fireready2.png',NULL,NULL,25,3,'2019-12-20 22:51:40','2019-12-20 22:51:40'),(219,'plank1.png','thumb-plank1.png',NULL,NULL,42,2,'2019-12-20 22:51:41','2019-12-20 22:51:41'),(220,'plank2.png','thumb-plank2.png',NULL,NULL,42,3,'2019-12-20 22:51:42','2019-12-20 22:51:42'),(221,'signature1.png','thumb-signature1.png',NULL,NULL,53,2,'2019-12-20 22:51:42','2019-12-20 22:51:42'),(222,'signature2.png','thumb-signature2.png',NULL,NULL,53,3,'2019-12-20 22:51:43','2019-12-20 22:51:43'),(223,'elegant1.png','thumb-elegant1.png',NULL,NULL,16,2,'2019-12-20 22:51:44','2019-12-20 22:51:44'),(224,'elegant2.png','thumb-elegant2.png',NULL,NULL,16,3,'2019-12-20 22:51:44','2019-12-20 22:51:44'),(225,'plank1.png','thumb-plank1.png',NULL,NULL,48,2,'2019-12-20 22:51:45','2019-12-20 22:51:45'),(226,'plank2.png','thumb-plank2.png',NULL,NULL,48,3,'2019-12-20 22:51:45','2019-12-20 22:51:45'),(227,'signature1.png','thumb-signature1.png',NULL,NULL,59,2,'2019-12-20 22:51:45','2019-12-20 22:51:45'),(228,'signature2.png','thumb-signature2.png',NULL,NULL,59,3,'2019-12-20 22:51:46','2019-12-20 22:51:46'),(229,'signature1.png','thumb-signature1.png',NULL,NULL,61,2,'2019-12-20 22:51:46','2019-12-20 22:51:46'),(230,'signature2.png','thumb-signature2.png',NULL,NULL,61,3,'2019-12-20 22:51:47','2019-12-20 22:51:47'),(231,'build1.png','thumb-build1.png',NULL,NULL,4,2,'2019-12-20 22:51:47','2019-12-20 22:51:47'),(232,'build2.png','thumb-build2.png',NULL,NULL,4,3,'2019-12-20 22:51:48','2019-12-20 22:51:48'),(233,'fireready1.png','thumb-fireready1.png',NULL,NULL,29,2,'2019-12-20 22:51:48','2019-12-20 22:51:48'),(234,'fireready2.png','thumb-fireready2.png',NULL,NULL,29,3,'2019-12-20 22:51:48','2019-12-20 22:51:48'),(235,'signature1.png','thumb-signature1.png',NULL,NULL,56,2,'2019-12-20 22:51:49','2019-12-20 22:51:49'),(236,'signature2.png','thumb-signature2.png',NULL,NULL,56,3,'2019-12-20 22:51:49','2019-12-20 22:51:49'),(237,'standard1.png','thumb-standard1.png',NULL,NULL,67,2,'2019-12-20 22:51:50','2019-12-20 22:51:50'),(238,'standard2.png','thumb-standard2.png',NULL,NULL,67,3,'2019-12-20 22:51:51','2019-12-20 22:51:51'),(239,'standard1.png','thumb-standard1.png',NULL,NULL,75,2,'2019-12-20 22:56:11','2019-12-20 22:56:11'),(240,'standard2.png','thumb-standard2.png',NULL,NULL,75,3,'2019-12-20 22:56:11','2019-12-20 22:56:11'),(241,'fireready2.png','thumb-fireready2.png',NULL,NULL,76,3,'2019-12-21 08:08:19','2019-12-21 08:08:19'),(242,'fireready1.png','thumb-fireready1.png',NULL,NULL,76,2,'2019-12-21 08:08:19','2019-12-21 08:08:19'),(243,'base_image.png','thumb-base_image.png',NULL,NULL,76,1,'2019-12-21 08:08:20','2019-12-21 08:08:20'),(244,'green-house1.png','thumb-green-house1.png',NULL,NULL,61,1,'2019-12-21 09:13:59','2019-12-21 09:13:59'),(245,'warehouse1.png','thumb-warehouse1.png',NULL,'warehouse-build.gif',4,1,'2019-12-21 13:04:50','2019-12-21 13:04:50'),(246,'schools1.png','thumb-schools1.png',NULL,NULL,11,1,'2019-12-21 13:04:50','2019-12-21 13:04:50'),(247,'office-tower1.png','thumb-office-tower1.png',NULL,NULL,15,1,'2019-12-21 13:04:50','2019-12-21 13:04:50'),(248,'park1.png','thumb-park1.png',NULL,NULL,16,1,'2019-12-21 13:04:51','2019-12-21 13:04:51'),(249,'schools1.png','thumb-schools1.png',NULL,NULL,18,1,'2019-12-21 13:04:51','2019-12-21 13:04:51'),(250,'comunity-center1.png','thumb-comunity-center1.png',NULL,NULL,20,1,'2019-12-21 13:04:51','2019-12-21 13:04:51'),(251,'office-tower1.png','thumb-office-tower1.png',NULL,'office-tower-fabritech.gif',21,1,'2019-12-21 13:04:52','2019-12-21 13:04:52'),(252,'schools1.png','thumb-schools1.png',NULL,NULL,25,1,'2019-12-21 13:04:52','2019-12-21 13:04:52'),(253,'warehouse1.png','thumb-warehouse1.png',NULL,'warehouse-fireready.gif',29,1,'2019-12-21 13:04:53','2019-12-21 13:04:53'),(254,'comunity-center1.png','thumb-comunity-center1.png',NULL,NULL,30,1,'2019-12-21 13:04:53','2019-12-21 13:04:53'),(255,'office-tower1.png','thumb-office-tower1.png',NULL,'office-tower-fireready.gif',31,1,'2019-12-21 13:04:53','2019-12-21 13:04:53'),(256,'group-house1.png','thumb-group-house1.png',NULL,NULL,33,1,'2019-12-21 13:04:54','2019-12-21 13:04:54'),(257,'schools1.png','thumb-schools1.png',NULL,NULL,42,1,'2019-12-21 13:04:54','2019-12-21 13:04:54'),(258,'comunity-center1.png','thumb-comunity-center1.png',NULL,NULL,46,1,'2019-12-21 13:04:55','2019-12-21 13:04:55'),(259,'office-tower1.png','thumb-office-tower1.png',NULL,NULL,47,1,'2019-12-21 13:04:55','2019-12-21 13:04:55'),(260,'park1.png','thumb-park1.png',NULL,NULL,48,1,'2019-12-21 13:04:56','2019-12-21 13:04:56'),(261,'schools1.png','thumb-schools1.png',NULL,NULL,53,1,'2019-12-21 13:04:56','2019-12-21 13:04:56'),(262,'warehouse1.png','thumb-warehouse1.png',NULL,'warehouse-signature.gif',56,1,'2019-12-21 13:04:56','2019-12-21 13:04:56'),(263,'comunity-center1.png','thumb-comunity-center1.png',NULL,NULL,57,1,'2019-12-21 13:04:57','2019-12-21 13:04:57'),(264,'park1.png','thumb-park1.png',NULL,NULL,59,1,'2019-12-21 13:04:58','2019-12-21 13:04:58'),(265,'warehouse1.png','thumb-warehouse1.png',NULL,'warehouse-standard.gif',67,1,'2019-12-21 13:04:58','2019-12-21 13:04:58'),(266,'office-tower1.png','thumb-office-tower1.png',NULL,NULL,75,1,'2019-12-21 13:04:58','2019-12-21 13:04:58'),(267,'build1.png','thumb-build1.png',NULL,NULL,22,2,'2019-12-22 11:03:59','2019-12-22 11:03:59'),(268,'group-house1.png','thumb-group-house1.png',NULL,NULL,22,1,'2019-12-22 11:05:19','2019-12-22 11:05:19'),(269,'group-house1.png','thumb-group-house1.png',NULL,NULL,7,1,'2019-12-22 11:20:23','2019-12-22 11:20:23'),(270,'chaukhat.png','thumb-chaukhat.png',NULL,NULL,7,2,'2019-12-22 11:20:23','2019-12-22 11:20:23'),(271,'chaukhat2.png','thumb-chaukhat2.png',NULL,NULL,7,3,'2019-12-22 11:20:24','2019-12-22 11:20:24'),(272,'group-house1.png','thumb-group-house1.png',NULL,NULL,17,1,'2019-12-22 11:20:24','2019-12-22 11:20:24'),(273,'elegant1.png','thumb-elegant1.png',NULL,NULL,17,2,'2019-12-22 11:20:25','2019-12-22 11:20:25'),(274,'elegant2.png','thumb-elegant2.png',NULL,NULL,17,3,'2019-12-22 11:20:25','2019-12-22 11:20:25'),(275,'group-house1.png','thumb-group-house1.png',NULL,NULL,49,1,'2019-12-22 11:20:25','2019-12-22 11:20:25'),(276,'plank1.png','thumb-plank1.png',NULL,NULL,49,2,'2019-12-22 11:20:26','2019-12-22 11:20:26'),(277,'plank2.png','thumb-plank2.png',NULL,NULL,49,3,'2019-12-22 11:20:26','2019-12-22 11:20:26'),(278,'group-house1.png','thumb-group-house1.png',NULL,NULL,60,1,'2019-12-22 11:20:27','2019-12-22 11:20:27'),(279,'signature1.png','thumb-signature1.png',NULL,NULL,60,2,'2019-12-22 11:20:27','2019-12-22 11:20:27'),(280,'signature2.png','thumb-signature2.png',NULL,NULL,60,3,'2019-12-22 11:20:28','2019-12-22 11:20:28'),(281,'signature1.png','thumb-signature1.png',NULL,NULL,77,2,'2019-12-20 22:51:46','2019-12-20 22:51:46'),(282,'signature2.png','thumb-signature2.png',NULL,NULL,77,3,'2019-12-20 22:51:47','2019-12-20 22:51:47'),(283,'hospitals1.png','thumb-hospitals1.png',NULL,'hospital-plank.gif',77,1,'2019-12-20 19:25:14','2019-12-20 19:25:14');
/*!40000 ALTER TABLE `assets` ENABLE KEYS */;
UNLOCK TABLES;

--
-- Table structure for table `categories`
--

DROP TABLE IF EXISTS `categories`;
/*!40101 SET @saved_cs_client     = @@character_set_client */;
/*!50503 SET character_set_client = utf8mb4 */;
CREATE TABLE `categories` (
  `id` int(11) NOT NULL AUTO_INCREMENT,
  `name` varchar(255) DEFAULT NULL,
  `coords` json NOT NULL,
  `style` json NOT NULL,
  `color_code` varchar(45) NOT NULL,
  `title_image` varchar(100) DEFAULT NULL,
  `discription` text,
  `animation` varchar(200) DEFAULT NULL,
  `products` varchar(45) DEFAULT NULL,
  `layout` varchar(45) DEFAULT NULL,
  `createdAt` datetime NOT NULL,
  `updatedAt` datetime NOT NULL,
  PRIMARY KEY (`id`)
) ENGINE=InnoDB AUTO_INCREMENT=21 DEFAULT CHARSET=latin1;
/*!40101 SET character_set_client = @saved_cs_client */;

--
-- Dumping data for table `categories`
--

LOCK TABLES `categories` WRITE;
/*!40000 ALTER TABLE `categories` DISABLE KEYS */;
INSERT INTO `categories` VALUES (1,'AIRPORT','{\"top\": 225, \"left\": 150}','{\"boxShadow\": \"0px 3px 17px #FFD800E0\", \"backgroundColor\": \"#EF6A15\"}','#EF6A15',NULL,'State of the art amenities require strong and dependable materials to build them. APL Apollo is proud to provide structurally sound yet aesthetically appealing materials that deliver world class quality. From taking care of fire-safety needs to providing what constitutes the “bones” of the entire Airport, we ensure that all critical systems are in place and up to code.',NULL,'6,8,12','layout1','0000-00-00 00:00:00','0000-00-00 00:00:00'),(2,'AGRICULTURAL VEHICLES','{\"top\": 125, \"left\": 375}','{\"boxShadow\": \"0px 3px 17px #DCF70D\", \"backgroundColor\": \"#727903\"}','#727903',NULL,'APL Apollo Tubes is often the first choice by both agriculturalists and agritech firms when building agricultural vehicles. In addition to durability and strength, we create sustainable and weather-proof materials that are vital to ensure these vehicles last long and don’t require constant maintenance and servicing. ',NULL,'12','layout1','0000-00-00 00:00:00','0000-00-00 00:00:00'),(3,'INDUSTRIAL EQUIPMENT','{\"top\": 185, \"left\": 585}','{\"boxShadow\": \"0px 3px 17px #DCF70D\", \"backgroundColor\": \"#727903\"}','#727903',NULL,'Large, heavy duty equipment like hydraulic equipment, lifts, cranes and more require mammoth strength and durability, to say the least; Plus the ability to withstand high pressures and survive difficult environments. The ability to customise the treated steel into various sizes and shapes allows for the high level of precision needed to create the ideal materials required for industrial equipment.',NULL,'12','layout1','0000-00-00 00:00:00','0000-00-00 00:00:00'),(4,'MINING EQUIPMENTS','{\"top\": 75, \"left\": 1355}','{\"boxShadow\": \"0px 3px 17px #DCF70D\", \"backgroundColor\": \"#727903\"}','#727903',NULL,'Large, heavy duty equipment like bulldozers, cranes and such require mammoth strength and durability, to say the least; Plus the ability to withstand high pressures and survive difficult environments. The ability to customise the treated steel into various sizes and shapes allows for the high level of precision needed to create the ideal materials required for mining equipment.\n',NULL,'12','layout1','0000-00-00 00:00:00','0000-00-00 00:00:00'),(5,'OFFICE TOWER','{\"top\": 180, \"left\": 785}','{\"boxShadow\": \"0px 3px 17px #05FFFFD3\", \"backgroundColor\": \"#016F74\"}','#016F74',NULL,'Each day brings newer, more innovative designs to skyscrapers but the fundamental element they have in common is the tensile strength and durability provided to them by APL Apollo Tubes. Whether a more modular setup like cubicles or specially designed offices on each floor, our innovative materials can be customised into different sizes and shapes for all such needs.',NULL,'4,5,6,9','layout1','0000-00-00 00:00:00','0000-00-00 00:00:00'),(6,'SCHOOL','{\"top\": 318, \"left\": 455}','{\"boxShadow\": \"0px 3px 17px #05FFFFD3\", \"backgroundColor\": \"#016F74\"}','#016F74',NULL,'Schools undergo constant change with each educational and technological advancement. From reinforcing the “bones” of the entire facility to managing smaller details like benches and handrails, APL Apollo Tubes makes up their entire skeleton. The diverse needs of all sections are met, taking into account longevity, durability, endurance and design.',NULL,'4,5,6,9,11','layout1','0000-00-00 00:00:00','0000-00-00 00:00:00'),(7,'PARK','{\"top\": 475, \"left\": 245}','{\"boxShadow\": \"0px 3px 17px #05FFFFD3\", \"backgroundColor\": \"#016F74\"}','#016F74',NULL,'Parks and recreation are an integral part of daily life and all major builders understand the importance of investing in durable playground equipment and infrastructure for the same. From strong weather-proof fencing, railings and benches that form the main foundation of the space, to amenities like swings, slides and other play structures that can endure daily wear-and-tear, APL Apollo Tubes offers materials for all. ',NULL,'4,9,11','layout1','0000-00-00 00:00:00','0000-00-00 00:00:00'),(8,'GREENHOUSE','{\"top\": 455, \"left\": 625}','{\"boxShadow\": \"0px 3px 17px #05FFFFD3\", \"backgroundColor\": \"#016F74\"}','#016F74',NULL,'APL Apollo Tubes’ specially treated hot-dipped galvanised materials are ideal for buildings which require an internal irrigation system. Safety measures such as firefighting tubes to carry liquids are important to save the crop in case of emergency and our structural engineering materials ensure that all this is housed in a strong, sturdy infrastructure.',NULL,'7,11','layout1','0000-00-00 00:00:00','0000-00-00 00:00:00'),(9,'WAREHOUSE','{\"top\": 550, \"left\": 470}','{\"boxShadow\": \"0px 3px 17px #FFD800E0\", \"backgroundColor\": \"#EF6A15\"}','#EF6A15',NULL,'Warehouses require extensive piping and tubing to carry liquids and wiring across large spaces. Anti corrosive materials are key, especially when it comes to large scale product storage and APL Apollo Tubes’ specially treated materials are ideal for enduring dampness or any other types of weather conditions. Fire sprinklers span the entirety of the space for best safety practices.',NULL,'1,6,11,12','layout1','0000-00-00 00:00:00','0000-00-00 00:00:00'),(10,'METRO STATION','{\"top\": 850, \"left\": 220}','{\"boxShadow\": \"0px 3px 17px #FFD800E0\", \"backgroundColor\": \"#EF6A15\"}','#EF6A15',NULL,'Several cities rely on APL Apollo Tubes for providing the structural integrity they need when creating such large-scale projects. Daily use of metros means more wear-and-tear than most other transit systems and factors such as weather, safety measures against natural disasters and more make it especially important to provide high endurance materials. ',NULL,'6,8','layout1','0000-00-00 00:00:00','0000-00-00 00:00:00'),(11,'HOTEL','{\"top\": 525, \"left\": 860}','{\"boxShadow\": \"0px 3px 17px #05FFFFD3\", \"backgroundColor\": \"#016F74\"}','#016F74',NULL,'India has always been a great travel destination and each hotel aims to be unique in their architecture, offerings and amenities calling for more design options as well as APL Apollo Tubes’ tried and tested materials for infrastructure, fire fighting, aesthetic design installations and hot & cold water supply piping to name a few.',NULL,'1,4,6,9,11,12','layout1','0000-00-00 00:00:00','0000-00-00 00:00:00'),(12,'UNDER CONSTRUCTION','{\"top\": 525, \"left\": 1100}','{\"boxShadow\": \"0px 3px 17px #05FFFFD3\", \"backgroundColor\": \"#016F74\"}','#016F74',NULL,'Buildings under construction require attention to each small detail as well as a bird’s eye view of the overall progress made. Access points need to be created to every part of the growing structure for further development and modification. APL Apollo Tubes’ durable metal scaffolding ensures safety and stability while also enduring against factors such as weather conditions, as well as the weight of heavy machinery and of the crew.',NULL,'10','layout1','0000-00-00 00:00:00','0000-00-00 00:00:00'),(13,'HOSPITAL','{\"top\": 455, \"left\": 1288}','{\"boxShadow\": \"0px 3px 17px #05FFFFD3\", \"backgroundColor\": \"#016F74\"}','#016F74',NULL,'Technological advancements in the medical field, the need to house larger and more complex equipment, as well as larger populations than ever before are driving factors that push hospitals to be bigger and better. Every aspect of the structure needs to be extremely strong and sturdy enough to endure daily use and the back and forth of heavy equipment, all ensured by APL Apollo Tubes.',NULL,'4,5,6,9,11,12','layout1','0000-00-00 00:00:00','0000-00-00 00:00:00'),(14,'MALL','{\"top\": 725, \"left\": 1290}','{\"boxShadow\": \"0px 3px 17px #05FFFFD3\", \"backgroundColor\": \"#016F74\"}','#016F74',NULL,'APL Apollo Tubes offers materials that are structurally sound, safe and durable. For projects such as shopping malls that see daily footfalls in the thousands, we ensure that everything from their heavily used staircases, handrails and balcony rails to their larger areas like roofing, fire fighting, piping and metal “bones” that hold up the entire structure are up to the highest standards.',NULL,'1,4,6,9,12','layout1','0000-00-00 00:00:00','0000-00-00 00:00:00'),(15,'COMMUNITY CENTRE','{\"top\": 955, \"left\": 1070}','{\"boxShadow\": \"0px 3px 17px #05FFFFD3\", \"backgroundColor\": \"#016F74\"}','#016F74',NULL,'Several gatherings and activities are carried out at community centres on a regular basis, proving that no urban settlement is truly complete without one. APL Apollo Tubes caters to requirements by providing durable load-bearing materials, strong hardware for stairs, roofing and railings, as well as extensive fire fighting measures to ensure safety in all areas.',NULL,'5,6,9,11','layout1','0000-00-00 00:00:00','0000-00-00 00:00:00'),(16,'ROW HOUSES','{\"top\": 1075, \"left\": 611}','{\"boxShadow\": \"0px 3px 17px #05FFFFD3\", \"backgroundColor\": \"#016F74\"}','#016F74',NULL,'Housing developers and industry experts rely heavily on APL Apollo Tubes for different facets of building homes. A strong skeleton, roofing, door frames, staircases and more, our products are a vital component in each area. From simple designs to more intricate and complex variations, our durable base materials ensure longevity & sturdiness.',NULL,'1,2,3,4,6,9,11,12','layout1','0000-00-00 00:00:00','0000-00-00 00:00:00'),(17,'BRIDGE','{\"top\": 255, \"left\": 1165}','{\"boxShadow\": \"0px 3px 17px #FFD800E0\", \"backgroundColor\": \"#EF6A15\"}','#EF6A15',NULL,'Strength and durability are of utmost importance when building bridges that are required to support heavy weights and endure changing weather. Our specially treated materials offer weather-proof durability and a resilience that won’t require constant maintenance. A variety of customisable shapes, sizes and finishes lends even more freedom when it comes to exploring design techniques.\n',NULL,'8','layout1','0000-00-00 00:00:00','0000-00-00 00:00:00'),(18,'FACTORY','{\"top\": 160, \"left\": 1595}','{\"boxShadow\": \"0px 3px 17px #FFD800E0\", \"backgroundColor\": \"#EF6A15\"}','#EF6A15',NULL,'Factories require materials that can endure extreme conditions. Provisions for factory lines, furnaces, freezers and whatever else may be needed for the creation of the product at hand have to be taken into account and adequate fittings need to be made for proper structural integrity, infrastructure, fire safety, and more. Steel door frames offer exceptionally good load bearing capabilities making the structure even more sound.',NULL,'1,6,11,12','layout1','0000-00-00 00:00:00','0000-00-00 00:00:00'),(19,'STADIUM','{\"top\": 1005, \"left\": 1580}','{\"boxShadow\": \"0px 3px 17px #FFD800E0\", \"backgroundColor\": \"#EF6A15\"}','#EF6A15',NULL,'Plans for the newest sports stadiums require more seats, more unobstructed views and more aesthetic appeal. Our structural steel ensures safe, durable support for large, open spaces, and our experts provide project support every step of the way, helping doors open on time and on budget.',NULL,'6,8,9,12','layout1','0000-00-00 00:00:00','0000-00-00 00:00:00'),(20,'GROUP HOUSING','{\"top\": 835, \"left\": 615}','{\"boxShadow\": \"0px 3px 17px #05FFFFD3\", \"backgroundColor\": \"#016F74\"}','#016F74',NULL,'A residential project built for a group rather than just a unit needs extra effort as it requires attention to detail for both the private as well as public areas. State of the art amenities as well as the coziness of a home are the order of the day when it comes to modern-day Group Housing projects, and APL Apollo Tubes is instrumental in providing both style and structure to these sought after residences.',NULL,'2,3,4,5,6,9,11,12','layout1','0000-00-00 00:00:00','0000-00-00 00:00:00');
/*!40000 ALTER TABLE `categories` ENABLE KEYS */;
UNLOCK TABLES;

--
-- Table structure for table `products`
--

DROP TABLE IF EXISTS `products`;
/*!40101 SET @saved_cs_client     = @@character_set_client */;
/*!50503 SET character_set_client = utf8mb4 */;
CREATE TABLE `products` (
  `id` int(11) NOT NULL AUTO_INCREMENT,
  `title` varchar(100) DEFAULT NULL,
  `sub_title` varchar(100) DEFAULT NULL,
  `discription` text,
  `icon_active` varchar(100) DEFAULT NULL,
  `icon_in_active` varchar(100) DEFAULT NULL,
  `style` json DEFAULT NULL,
  `header_style` json DEFAULT NULL,
  `category_id` int(11) NOT NULL,
  `is_active` tinyint(4) DEFAULT '1',
  `category` varchar(45) DEFAULT NULL,
  `layout` varchar(45) DEFAULT NULL,
  `order` tinyint(4) DEFAULT '0',
  `createdAt` datetime DEFAULT CURRENT_TIMESTAMP,
  `updatedAt` datetime DEFAULT CURRENT_TIMESTAMP,
  PRIMARY KEY (`id`)
) ENGINE=InnoDB AUTO_INCREMENT=78 DEFAULT CHARSET=latin1;
/*!40101 SET character_set_client = @saved_cs_client */;

--
-- Dumping data for table `products`
--

LOCK TABLES `products` WRITE;
/*!40000 ALTER TABLE `products` DISABLE KEYS */;
INSERT INTO `products` VALUES (1,'BUILD','HSS- BUILD - Apollo Structural','APL Apollo Tubes Limited manufactures high tensile strength hollow sections which are used widely in various industries including infrastructure and construction. These sections come in various shapes, sizes and finishes. Most common among them include Rectangular Hollow Sections (RHS) and Square Hollow Sections (SHS). ','product-1920-46.svg','product-1920-20.svg',NULL,NULL,16,1,'Apollo Structural',NULL,1,'2019-12-08 17:00:05','2019-12-08 17:00:05'),(2,'BUILD','HSS- BUILD - Apollo Structural','APL Apollo Tubes Limited manufactures high tensile strength hollow sections which are used widely in various industries including infrastructure and construction. These sections come in various shapes, sizes and finishes. Most common among them include Rectangular Hollow Sections (RHS) and Square Hollow Sections (SHS). ','product-1920-46.svg','product-1920-20.svg',NULL,NULL,11,1,'Apollo Structural',NULL,1,'2019-12-15 08:33:33','2019-12-15 08:33:33'),(3,'BUILD','HSS- BUILD - Apollo Structural','APL Apollo Tubes Limited manufactures high tensile strength hollow sections which are used widely in various industries including infrastructure and construction. These sections come in various shapes, sizes and finishes. Most common among them include Rectangular Hollow Sections (RHS) and Square Hollow Sections (SHS). ','product-1920-46.svg','product-1920-20.svg',NULL,NULL,14,1,'Apollo Structural',NULL,1,'2019-12-15 08:36:48','2019-12-15 08:36:48'),(4,'BUILD','HSS- BUILD - Apollo Structural','APL Apollo Tubes Limited manufactures high tensile strength hollow sections which are used widely in various industries including infrastructure and construction. These sections come in various shapes, sizes and finishes. Most common among them include Rectangular Hollow Sections (RHS) and Square Hollow Sections (SHS). ','product-1920-46.svg','product-1920-20.svg',NULL,NULL,9,1,'Apollo Structural',NULL,1,'2019-12-15 08:51:24','2019-12-15 08:51:24'),(5,'Fabritech','HSS- Fabritech - Apollo Structural','APL Apollo Tubes Limited manufactures high tensile strength hollow sections which are used widely in various industries including infrastructure and construction. These sections come in various shapes, sizes and finishes. Most common among them include Rectangular Hollow Sections (RHS) and Square Hollow Sections (SHS). ','product-1920-46.svg','product-1920-20.svg',NULL,NULL,18,1,'Apollo Structural',NULL,1,'2019-12-15 08:55:16','2019-12-15 08:55:16'),(6,'CHAUKHAT','Chaukhat - Apollo Tricoat','Apollo Chaukhat, India’s first closed steel door frames, is our ground-breaking creation that is in sync with our vision of providing quality and innovative products to our customers. We have employed India’s only Direct Forming Technology (DFT) to make these futuristic frames. Apollo Chaukhat frames are light in weight and the installation process is quick as they come in customizable sizes.','product-1920-50.svg','product-1920-18.svg',NULL,NULL,16,1,'Apollo Tricoat',NULL,6,'2019-12-08 17:00:05','2019-12-08 17:00:05'),(7,'CHAUKHAT','Chaukhat - Apollo Tricoat','Apollo Chaukhat, India’s first closed steel door frames, is our ground-breaking creation that is in sync with our vision of providing quality and innovative products to our customers. We have employed India’s only Direct Forming Technology (DFT) to make these futuristic frames. Apollo Chaukhat frames are light in weight and the installation process is quick as they come in customizable sizes.','product-1920-50.svg','product-1920-18.svg',NULL,NULL,20,1,'Apollo Tricoat',NULL,6,'2019-12-15 09:00:20','2019-12-15 09:00:20'),(8,'COSTGUARD','Costguard - Apollo Z','Apollo Costguard is highly durable, sustainable and stable tubes that can withstand atmospheric corrosion. The atmospheric and corrosive environment at each site determines the thickness of the coating provided. The complete look & finish is aesthetically controlled at APL Apollo’s in-house galvanising facility. It is perfectly used for roofing structures.','product-1920-21.svg','product-1920-45.svg',NULL,NULL,16,1,'Apollo Z',NULL,2,'2019-12-08 17:00:05','2019-12-08 17:00:05'),(9,'COSTGUARD','Costguard - Apollo Z','Apollo Costguard is highly durable, sustainable and stable tubes that can withstand atmospheric corrosion. The atmospheric and corrosive environment at each site determines the thickness of the coating provided. The complete look & finish is aesthetically controlled at APL Apollo’s in-house galvanising facility. It is perfectly used for roofing structures.','product-1920-21.svg','product-1920-45.svg',NULL,NULL,20,1,'Apollo Z',NULL,2,'2019-12-15 09:00:20','2019-12-15 09:00:20'),(10,'ELEGANT','Elegant - Apollo Tricoat','All-new designer pipes, featured in elegant black color with unique carved designs offer products that are superior in quality and are more durable. Along with enhancing the aesthetics of the house, Apollo Elegant Pipes also assure longevity. Being corrosion-resistant and easy to weld, Apollo Elegant Pipes are the go-to products for handrails and fencing applications.','product-1920-49.svg','product-1920-17.svg',NULL,NULL,16,1,NULL,NULL,5,'2019-12-08 17:00:05','2019-12-08 17:00:05'),(11,'ELEGANT','Elegant - Apollo Tricoat','All-new designer pipes, featured in elegant black color with unique carved designs offer products that are superior in quality and are more durable. Along with enhancing the aesthetics of the house, Apollo Elegant Pipes also assure longevity. Being corrosion-resistant and easy to weld, Apollo Elegant Pipes are the go-to products for handrails and fencing applications.','product-1920-49.svg','product-1920-17.svg',NULL,NULL,6,1,'Apollo Tricoat',NULL,4,'2019-12-15 08:29:02','2019-12-15 08:29:02'),(12,'ELEGANT','Elegant - Apollo Tricoat','All-new designer pipes, featured in elegant black color with unique carved designs offer products that are superior in quality and are more durable. Along with enhancing the aesthetics of the house, Apollo Elegant Pipes also assure longevity. Being corrosion-resistant and easy to weld, Apollo Elegant Pipes are the go-to products for handrails and fencing applications.','product-1920-49.svg','product-1920-17.svg',NULL,NULL,11,1,'Apollo Tricoat',NULL,4,'2019-12-15 08:33:33','2019-12-15 08:33:33'),(13,'ELEGANT','Elegant - Apollo Tricoat','All-new designer pipes, featured in elegant black color with unique carved designs offer products that are superior in quality and are more durable. Along with enhancing the aesthetics of the house, Apollo Elegant Pipes also assure longevity. Being corrosion-resistant and easy to weld, Apollo Elegant Pipes are the go-to products for handrails and fencing applications.','product-1920-49.svg','product-1920-17.svg',NULL,NULL,14,1,'Apollo Tricoat',NULL,4,'2019-12-15 08:36:48','2019-12-15 08:36:48'),(14,'ELEGANT','Elegant - Apollo Tricoat','All-new designer pipes, featured in elegant black color with unique carved designs offer products that are superior in quality and are more durable. Along with enhancing the aesthetics of the house, Apollo Elegant Pipes also assure longevity. Being corrosion-resistant and easy to weld, Apollo Elegant Pipes are the go-to products for handrails and fencing applications.','product-1920-49.svg','product-1920-17.svg',NULL,NULL,13,1,'Apollo Tricoat',NULL,4,'2019-12-15 08:47:34','2019-12-15 08:47:34'),(15,'ELEGANT','Elegant - Apollo Tricoat','All-new designer pipes, featured in elegant black color with unique carved designs offer products that are superior in quality and are more durable. Along with enhancing the aesthetics of the house, Apollo Elegant Pipes also assure longevity. Being corrosion-resistant and easy to weld, Apollo Elegant Pipes are the go-to products for handrails and fencing applications.','product-1920-49.svg','product-1920-17.svg',NULL,NULL,5,1,'Apollo Tricoat',NULL,4,'2019-12-15 08:53:37','2019-12-15 08:53:37'),(16,'ELEGANT','Elegant - Apollo Tricoat','All-new designer pipes, featured in elegant black color with unique carved designs offer products that are superior in quality and are more durable. Along with enhancing the aesthetics of the house, Apollo Elegant Pipes also assure longevity. Being corrosion-resistant and easy to weld, Apollo Elegant Pipes are the go-to products for handrails and fencing applications.','product-1920-49.svg','product-1920-17.svg',NULL,NULL,7,1,'Apollo Tricoat',NULL,2,'2019-12-15 08:56:12','2019-12-15 08:56:12'),(17,'ELEGANT','Elegant - Apollo Tricoat','All-new designer pipes, featured in elegant black color with unique carved designs offer products that are superior in quality and are more durable. Along with enhancing the aesthetics of the house, Apollo Elegant Pipes also assure longevity. Being corrosion-resistant and easy to weld, Apollo Elegant Pipes are the go-to products for handrails and fencing applications.\n','product-1920-49.svg','product-1920-17.svg',NULL,NULL,20,1,'Apollo Tricoat',NULL,5,'2019-12-15 09:00:19','2019-12-15 09:00:19'),(18,'FABRITECH','HSS- Fabritech - Apollo Structural','APL Apollo Tubes Limited manufactures high tensile strength hollow sections which are used widely in various industries including infrastructure and construction. These sections come in various shapes, sizes and finishes. Most common among them include Rectangular Hollow Sections (RHS) and Square Hollow Sections (SHS).','product-1920-46.svg','product-1920-20.svg',NULL,NULL,6,1,NULL,NULL,1,'2019-12-15 08:26:46','2019-12-15 08:26:46'),(19,'FABRITECH','HSS- Fabritech - Apollo Structural','APL Apollo Tubes Limited manufactures high tensile strength hollow sections which are used widely in various industries including infrastructure and construction. These sections come in various shapes, sizes and finishes. Most common among them include Rectangular Hollow Sections (RHS) and Square Hollow Sections (SHS).','product-1920-46.svg','product-1920-20.svg',NULL,NULL,13,1,NULL,NULL,1,'2019-12-15 08:47:33','2019-12-15 08:47:33'),(20,'FABRITECH','HSS- Fabritech - Apollo Structural','APL Apollo Tubes Limited manufactures high tensile strength hollow sections which are used widely in various industries including infrastructure and construction. These sections come in various shapes, sizes and finishes. Most common among them include Rectangular Hollow Sections (RHS) and Square Hollow Sections (SHS).','product-1920-46.svg','product-1920-20.svg',NULL,NULL,15,1,NULL,NULL,1,'2019-12-15 08:52:28','2019-12-15 08:52:28'),(21,'FABRITECH','HSS- Fabritech - Apollo Structural','APL Apollo Tubes Limited manufactures high tensile strength hollow sections which are used widely in various industries including infrastructure and construction. These sections come in various shapes, sizes and finishes. Most common among them include Rectangular Hollow Sections (RHS) and Square Hollow Sections (SHS).','product-1920-46.svg','product-1920-20.svg',NULL,NULL,5,1,NULL,NULL,1,'2019-12-15 08:53:36','2019-12-15 08:53:36'),(22,'FABRITECH','HSS- Fabritech - Apollo Structural','APL Apollo Tubes Limited manufactures high tensile strength hollow sections which are used widely in various industries including infrastructure and construction. These sections come in various shapes, sizes and finishes. Most common among them include Rectangular Hollow Sections (RHS) and Square Hollow Sections (SHS).','product-1920-46.svg','product-1920-20.svg',NULL,NULL,20,1,NULL,NULL,1,'2019-12-15 09:00:19','2019-12-15 09:00:19'),(24,'FIRE-READY','Fire Ready - Apollo Standard','APL Apollo Tubes’s standard pipe provides critical fire protection for people who live and work in India’s buildings.','product-1920-47.svg','product-1920-15.svg',NULL,NULL,1,1,'Apollo Standard',NULL,2,'2019-12-14 12:54:03','2019-12-14 12:54:03'),(25,'FIRE-READY','Fire Ready - Apollo Standard','APL Apollo Tubes’s standard pipe provides critical fire protection for people who live and work in India’s buildings','product-1920-47.svg','product-1920-15.svg',NULL,NULL,6,1,'Apollo Standard',NULL,2,'2019-12-15 08:28:13','2019-12-15 08:28:13'),(26,'FIRE-READY','Fire Ready - Apollo Standard','APL Apollo Tubes’s standard pipe provides critical fire protection for people who live and work in India’s buildings.','product-1920-47.svg','product-1920-15.svg',NULL,NULL,11,1,'Apollo Standard',NULL,2,'2019-12-15 08:33:33','2019-12-15 08:33:33'),(27,'FIRE-READY','Fire Ready - Apollo Standard','APL Apollo Tubes’s standard pipe provides critical fire protection for people who live and work in India’s buildings.','product-1920-47.svg','product-1920-15.svg',NULL,NULL,14,1,'Apollo Standard',NULL,2,'2019-12-15 08:36:48','2019-12-15 08:36:48'),(28,'FIRE-READY','Fire Ready - Apollo Standard','APL Apollo Tubes’s standard pipe provides critical fire protection for people who live and work in India’s buildings.','product-1920-47.svg','product-1920-15.svg',NULL,NULL,13,1,'Apollo Standard',NULL,2,'2019-12-15 08:47:33','2019-12-15 08:47:33'),(29,'FIRE-READY','Fire Ready - Apollo Standard','APL Apollo Tubes’s standard pipe provides critical fire protection for people who live and work in India’s buildings.','product-1920-47.svg','product-1920-15.svg',NULL,NULL,9,1,'Apollo Standard',NULL,2,'2019-12-15 08:51:24','2019-12-15 08:51:24'),(30,'FIRE-READY','Fire Ready - Apollo Standard','APL Apollo Tubes’s standard pipe provides critical fire protection for people who live and work in India’s buildings.','product-1920-47.svg','product-1920-15.svg',NULL,NULL,15,1,'Apollo Standard',NULL,2,'2019-12-15 08:52:28','2019-12-15 08:52:28'),(31,'FIRE-READY','Fire Ready - Apollo Standard','APL Apollo Tubes’s standard pipe provides critical fire protection for people who live and work in India’s buildings.','product-1920-47.svg','product-1920-15.svg',NULL,NULL,5,1,'Apollo Standard',NULL,2,'2019-12-15 08:53:36','2019-12-15 08:53:36'),(32,'FIRE-READY','Fire Ready - Apollo Standard','APL Apollo Tubes’s standard pipe provides critical fire protection for people who live and work in India’s buildings.','product-1920-47.svg','product-1920-15.svg',NULL,NULL,18,1,'Apollo Standard',NULL,2,'2019-12-15 08:55:16','2019-12-15 08:55:16'),(33,'FIRE-READY','Fire Ready - Apollo Standard','APL Apollo Tubes’s standard pipe provides critical fire protection for people who live and work in India’s buildings.','product-1920-47.svg','product-1920-15.svg',NULL,NULL,20,1,'Apollo Standard',NULL,3,'2019-12-15 09:00:19','2019-12-15 09:00:19'),(34,'FIRE-READY','Fire Ready - Apollo Standard','APL Apollo Tubes’s standard pipe provides critical fire protection for people who live and work in India’s buildings.','product-1920-47.svg','product-1920-15.svg',NULL,NULL,10,1,'Apollo Standard',NULL,2,'2019-12-15 09:08:27','2019-12-15 09:08:27'),(35,'FIRE-READY','Fire Ready - Apollo Standard','APL Apollo Tubes’s standard pipe provides critical fire protection for people who live and work in India’s buildings.','product-1920-47.svg','product-1920-15.svg',NULL,NULL,19,1,'Apollo Standard',NULL,2,'2019-12-15 09:11:51','2019-12-15 09:11:51'),(36,'GREEN','GREEN : Apollo Build','In order to seek long-term structural performance in the harshest of weather conditions, designers, builders and consumers have turned to using zinc-coated steel pipes. This is because zinc-coated galvanised steel pipes and tube resist the attack of wind, water and road salts. Apart from being cheaper, Apollo Build is also light in weight, easy to handle during transport and easy to join.','product-1920-46.svg','product-1920-20.svg',NULL,NULL,8,1,NULL,NULL,1,'2019-12-15 09:09:56','2019-12-15 09:09:56'),(37,'DFT','HSS-DFT : Apollo Structural','The use of Direct Forming Technology (DFT) is pioneered by APL Apollo in India and is the only company using this high tech production methodology. High strength, durability, stability and ability to withstand atmospheric corrosion, it is used as an excellent alternative to steel channels, angles and beams in construction and engineering applications at reduced cost.','product-1920-46.svg','product-1920-20.svg',NULL,NULL,1,1,'Apollo Structural',NULL,1,'2019-12-14 12:54:02','2019-12-14 12:54:02'),(38,'DFT','HSS-DFT : Apollo Structural','The use of Direct Forming Technology (DFT) is pioneered by APL Apollo in India and is the only company using this high tech production methodology. High strength, durability, stability and ability to withstand atmospheric corrosion, it is used as an excellent alternative to steel channels, angles and beams in construction and engineering applications at reduced cost.','product-1920-46.svg','product-1920-20.svg',NULL,NULL,17,1,'Apollo Structural',NULL,1,'2019-12-14 12:56:26','2019-12-14 12:56:26'),(39,'DFT','HSS-DFT : Apollo Structural','The use of Direct Forming Technology (DFT) is pioneered by APL Apollo in India and is the only company using this high tech production methodology. High strength, durability, stability and ability to withstand atmospheric corrosion, it is used as an excellent alternative to steel channels, angles and beams in construction and engineering applications at reduced cost.','product-1920-46.svg','product-1920-20.svg',NULL,NULL,10,1,'Apollo Structural',NULL,1,'2019-12-15 09:08:27','2019-12-15 09:08:27'),(40,'DFT','DFT : HSS- DFT - Apollo Structural','The use of Direct Forming Technology (DFT) is pioneered by APL Apollo in India and is the only company using this high tech production methodology. High strength, durability, stability and ability to withstand atmospheric corrosion, it is used as an excellent alternative to steel channels, angles and beams in construction and engineering applications at reduced cost.','product-1920-46.svg','product-1920-20.svg',NULL,NULL,19,1,'Apollo Structural',NULL,1,'2019-12-15 09:11:51','2019-12-15 09:11:51'),(41,'PLANK','Plank - Apollo Tricoat','‘Apollo Steel Plank’ is a new-age steel product in India which is extremely secure and sturdy. It also helps save trees by replacing wooden planks with a better and sturdier alternative. Moreover, steel planks can be forged into more sizes, shapes and designs than their wooden counterparts making them the superior choice. It is being widely accepted for staircase and ceiling applications.','product-1920-48.svg','product-1920-16.svg',NULL,NULL,16,1,'Apollo Tricoat',NULL,4,'2019-12-08 17:00:05','2019-12-08 17:00:05'),(42,'PLANK','Plank - Apollo Tricoat','‘Apollo Steel Plank’ is a new-age steel product in India which is extremely secure and sturdy. It also helps save trees by replacing wooden planks with a better and sturdier alternative. Moreover, steel planks can be forged into more sizes, shapes and designs than their wooden counterparts making them the superior choice. It is being widely accepted for staircase and ceiling applications.','product-1920-48.svg','product-1920-16.svg',NULL,NULL,6,1,'Apollo Tricoat',NULL,3,'2019-12-15 08:28:29','2019-12-15 08:28:29'),(43,'PLANK','Plank - Apollo Tricoat','‘Apollo Steel Plank’ is a new-age steel product in India which is extremely secure and sturdy. It also helps save trees by replacing wooden planks with a better and sturdier alternative. Moreover, steel planks can be forged into more sizes, shapes and designs than their wooden counterparts making them the superior choice. It is being widely accepted for staircase and ceiling applications.','product-1920-48.svg','product-1920-16.svg',NULL,NULL,11,1,'Apollo Tricoat',NULL,3,'2019-12-15 08:33:33','2019-12-15 08:33:33'),(44,'PLANK','Plank - Apollo Tricoat','‘Apollo Steel Plank’ is a new-age steel product in India which is extremely secure and sturdy. It also helps save trees by replacing wooden planks with a better and sturdier alternative. Moreover, steel planks can be forged into more sizes, shapes and designs than their wooden counterparts making them the superior choice. It is being widely accepted for staircase and ceiling applications.','product-1920-48.svg','product-1920-16.svg',NULL,NULL,14,1,'Apollo Tricoat',NULL,3,'2019-12-15 08:36:48','2019-12-15 08:36:48'),(45,'PLANK','Plank - Apollo Tricoat','‘Apollo Steel Plank’ is a new-age steel product in India which is extremely secure and sturdy. It also helps save trees by replacing wooden planks with a better and sturdier alternative. Moreover, steel planks can be forged into more sizes, shapes and designs than their wooden counterparts making them the superior choice. It is being widely accepted for staircase and ceiling applications.','product-1920-48.svg','product-1920-16.svg',NULL,NULL,13,1,'Apollo Tricoat',NULL,3,'2019-12-15 08:47:33','2019-12-15 08:47:33'),(46,'PLANK','Plank - Apollo Tricoat','‘Apollo Steel Plank’ is a new-age steel product in India which is extremely secure and sturdy. It also helps save trees by replacing wooden planks with a better and sturdier alternative. Moreover, steel planks can be forged into more sizes, shapes and designs than their wooden counterparts making them the superior choice. It is being widely accepted for staircase and ceiling applications.','product-1920-48.svg','product-1920-16.svg',NULL,NULL,15,1,'Apollo Tricoat',NULL,3,'2019-12-15 08:52:29','2019-12-15 08:52:29'),(47,'PLANK','Plank - Apollo Tricoat','‘Apollo Steel Plank’ is a new-age steel product in India which is extremely secure and sturdy. It also helps save trees by replacing wooden planks with a better and sturdier alternative. Moreover, steel planks can be forged into more sizes, shapes and designs than their wooden counterparts making them the superior choice. It is being widely accepted for staircase and ceiling applications.','product-1920-48.svg','product-1920-16.svg',NULL,NULL,5,1,'Apollo Tricoat',NULL,3,'2019-12-15 08:53:37','2019-12-15 08:53:37'),(48,'PLANK','Plank - Apollo Tricoat','‘Apollo Steel Plank’ is a new-age steel product in India which is extremely secure and sturdy. It also helps save trees by replacing wooden planks with a better and sturdier alternative. Moreover, steel planks can be forged into more sizes, shapes and designs than their wooden counterparts making them the superior choice. It is being widely accepted for staircase and ceiling applications.','product-1920-48.svg','product-1920-16.svg',NULL,NULL,7,1,'Apollo Tricoat',NULL,1,'2019-12-15 08:56:12','2019-12-15 08:56:12'),(49,'PLANK','Plank - Apollo Tricoat','‘Apollo Steel Plank’ is a new-age steel product in India which is extremely secure and sturdy. It also helps save trees by replacing wooden planks with a better and sturdier alternative. Moreover, steel planks can be forged into more sizes, shapes and designs than their wooden counterparts making them the superior choice. It is being widely accepted for staircase and ceiling applications.','product-1920-48.svg','product-1920-16.svg',NULL,NULL,20,1,'Apollo Tricoat',NULL,4,'2019-12-15 09:00:19','2019-12-15 09:00:19'),(50,'PLANK','Plank - Apollo Tricoat','‘Apollo Steel Plank’ is a new-age steel product in India which is extremely secure and sturdy. It also helps save trees by replacing wooden planks with a better and sturdier alternative. Moreover, steel planks can be forged into more sizes, shapes and designs than their wooden counterparts making them the superior choice. It is being widely accepted for staircase and ceiling applications.\n','product-1920-48.svg','product-1920-16.svg',NULL,NULL,19,1,'Apollo Tricoat',NULL,3,'2019-12-15 09:11:51','2019-12-15 09:11:51'),(51,'SCAFF','SCAFF : Apollo Tricoat','APL Apollo Tubes’ durable metal scaffolding ensures safety and stability while also enduring against factors such as weather conditions, as well as the weight of heavy machinery and of the crew.','product-1920-46.svg','product-1920-20.svg',NULL,NULL,12,1,NULL,NULL,1,'2019-12-15 08:57:14','2019-12-15 08:57:14'),(52,'SIGNATURE','Signature - Apollo Tricoat','Our designer galvanized pipe – Apollo Signature is an upgrade from the conventional galvanized steel pipes by virtue of engraved designs. They prove to be a better option as they are highly resistant to rust and corrosion because of their galvanized layer while the products are aesthetically superior. They are more environmentally friendly than using wood for fencing, handrails and gates.','product-1920-51.svg','product-1920-19.svg',NULL,NULL,16,1,'Apollo Tricoat',NULL,7,'2019-12-08 17:00:05','2019-12-08 17:00:05'),(53,'SIGNATURE','Signature - Apollo Tricoat','Our designer galvanized pipe – Apollo Signature is an upgrade from the conventional galvanized steel pipes by virtue of engraved designs. They prove to be a better option as they are highly resistant to rust and corrosion because of their galvanized layer while the products are aesthetically superior. They are more environmentally friendly than using wood for fencing, handrails and gates.','product-1920-51.svg','product-1920-19.svg',NULL,NULL,6,1,'Apollo Tricoat',NULL,5,'2019-12-15 08:29:15','2019-12-15 08:29:15'),(54,'SIGNATURE','Signature - Apollo Tricoat','Our designer galvanized pipe – Apollo Signature is an upgrade from the conventional galvanized steel pipes by virtue of engraved designs. They prove to be a better option as they are highly resistant to rust and corrosion because of their galvanized layer while the products are aesthetically superior. They are more environmentally friendly than using wood for fencing, handrails and gates.','product-1920-51.svg','product-1920-19.svg',NULL,NULL,11,1,'Apollo Tricoat',NULL,5,'2019-12-15 08:33:33','2019-12-15 08:33:33'),(56,'SIGNATURE','Signature - Apollo Tricoat','Our designer galvanized pipe – Apollo Signature is an upgrade from the conventional galvanized steel pipes by virtue of engraved designs. They prove to be a better option as they are highly resistant to rust and corrosion because of their galvanized layer while the products are aesthetically superior. They are more environmentally friendly than using wood for fencing, handrails and gates.','product-1920-51.svg','product-1920-19.svg',NULL,NULL,9,1,'Apollo Tricoat',NULL,3,'2019-12-15 08:51:24','2019-12-15 08:51:24'),(57,'SIGNATURE','Signature - Apollo Tricoat','Our designer galvanized pipe – Apollo Signature is an upgrade from the conventional galvanized steel pipes by virtue of engraved designs. They prove to be a better option as they are highly resistant to rust and corrosion because of their galvanized layer while the products are aesthetically superior. They are more environmentally friendly than using wood for fencing, handrails and gates.','product-1920-51.svg','product-1920-19.svg',NULL,NULL,15,1,'Apollo Tricoat',NULL,4,'2019-12-15 08:52:29','2019-12-15 08:52:29'),(58,'SIGNATURE','Signature - Apollo Tricoat','Our designer galvanized pipe – Apollo Signature is an upgrade from the conventional galvanized steel pipes by virtue of engraved designs. They prove to be a better option as they are highly resistant to rust and corrosion because of their galvanized layer while the products are aesthetically superior. They are more environmentally friendly than using wood for fencing, handrails and gates.','product-1920-51.svg','product-1920-19.svg',NULL,NULL,18,1,'Apollo Tricoat',NULL,3,'2019-12-15 08:55:16','2019-12-15 08:55:16'),(59,'SIGNATURE','Signature - Apollo Tricoat','Our designer galvanized pipe – Apollo Signature is an upgrade from the conventional galvanized steel pipes by virtue of engraved designs. They prove to be a better option as they are highly resistant to rust and corrosion because of their galvanized layer while the products are aesthetically superior. They are more environmentally friendly than using wood for fencing, handrails and gates.','product-1920-51.svg','product-1920-19.svg',NULL,NULL,7,1,'Apollo Tricoat',NULL,3,'2019-12-15 08:56:12','2019-12-15 08:56:12'),(60,'SIGNATURE','Signature - Apollo Tricoat','Our designer galvanized pipe – Apollo Signature is an upgrade from the conventional galvanized steel pipes by virtue of engraved designs. They prove to be a better option as they are highly resistant to rust and corrosion because of their galvanized layer while the products are aesthetically superior. They are more environmentally friendly than using wood for fencing, handrails and gates.','product-1920-51.svg','product-1920-19.svg',NULL,NULL,20,1,'Apollo Tricoat',NULL,7,'2019-12-15 09:00:20','2019-12-15 09:00:20'),(61,'SIGNATURE','Signature - Apollo Tricoat','Our designer galvanized pipe – Apollo Signature is an upgrade from the conventional galvanized steel pipes by virtue of engraved designs. They prove to be a better option as they are highly resistant to rust and corrosion because of their galvanized layer while the products are aesthetically superior. They are more environmentally friendly than using wood for fencing, handrails and gates.\n','product-1920-51.svg','product-1920-19.svg',NULL,NULL,8,1,'Apollo Tricoat',NULL,2,'2019-12-15 09:09:56','2019-12-15 09:09:56'),(62,'STANDARD','Apollo Standard','MS black pipe is manufactured using high grade mild steel and latest techniques in compliance with set industry standards to ensure durability and strength. Mild Steel (MS) pipes are easy to weld and forge in various shapes and sizes to meet pipelining and tubing applications. It is an ideal choice for carrying liquids, fire fighting, structural and general engineering.','standard2.svg','standard1.svg',NULL,NULL,16,0,'Apollo Standard',NULL,8,'2019-12-08 17:00:05','2019-12-08 17:00:05'),(63,'STANDARD','Apollo Standard','APL Apollo Tubes produces the widest range of standard pipe products. Our standard pipes carry water, gas and steam through the ventilation and plumbing systems of buildings.','standard2.svg','standard1.svg',NULL,NULL,1,1,'Apollo Standard',NULL,3,'2019-12-14 12:54:03','2019-12-14 12:54:03'),(64,'STANDARD','Apollo Standard','APL Apollo Tubes produces the widest range of standard pipe products. Our standard pipes carry water, gas and steam through the ventilation and plumbing systems of buildings.','standard2.svg','standard1.svg',NULL,NULL,11,1,'Apollo Standard',NULL,6,'2019-12-15 08:33:33','2019-12-15 08:33:33'),(65,'STANDARD','Apollo Standard','APL Apollo Tubes produces the widest range of standard pipe products. Our standard pipes carry water, gas and steam through the ventilation and plumbing systems of buildings.','standard2.svg','standard1.svg',NULL,NULL,14,1,'Apollo Standard',NULL,5,'2019-12-15 08:36:48','2019-12-15 08:36:48'),(66,'STANDARD','Apollo Standard','APL Apollo Tubes produces the widest range of standard pipe products. Our standard pipes carry water, gas and steam through the ventilation and plumbing systems of buildings.','standard2.svg','standard1.svg',NULL,NULL,13,1,'Apollo Standard',NULL,5,'2019-12-15 08:47:11','2019-12-15 08:47:11'),(67,'STANDARD','Apollo Standard','APL Apollo Tubes produces the widest range of standard pipe products. Our standard pipes carry water, gas and steam through the ventilation and plumbing systems of buildings.','standard2.svg','standard1.svg',NULL,NULL,9,1,'Apollo Standard',NULL,4,'2019-12-15 08:51:24','2019-12-15 08:51:24'),(68,'STANDARD','Apollo Standard','APL Apollo Tubes produces the widest range of standard pipe products. Our standard pipes carry water, gas and steam through the ventilation and plumbing systems of buildings.','standard2.svg','standard1.svg',NULL,NULL,18,1,'Apollo Standard',NULL,4,'2019-12-15 08:55:16','2019-12-15 08:55:16'),(70,'STANDARD','Apollo Standard','Apollo Standard is also manufactured using high grade mild steel and the latest techniques in compliance with the set industry standards to ensure durability and strength. These pipes are easy to weld and forge in various shapes and sizes to meet the various applications. It is an ideal choice for any weather type and can endure harsh environments.','standard2.svg','standard1.svg',NULL,NULL,2,1,'Apollo Standard',NULL,1,'2019-12-15 09:04:37','2019-12-15 09:04:37'),(71,'STANDARD','Apollo Standard','Apollo Standard is also manufactured using high grade mild steel and the latest techniques in compliance with the set industry standards to ensure durability and strength. These pipes are easy to weld and forge in various shapes and sizes to meet the various applications. It is an ideal choice for any weather type and can endure harsh environments.\n','standard2.svg','standard1.svg',NULL,NULL,3,1,'Apollo Standard',NULL,1,'2019-12-15 09:06:26','2019-12-15 09:06:26'),(72,'STANDARD','Apollo Standard','Apollo Standard is also manufactured using high grade mild steel and the latest techniques in compliance with the set industry standards to ensure durability and strength. These pipes are easy to weld and forge in various shapes and sizes to meet the various applications. It is an ideal choice for any weather type and can endure harsh environments.','standard2.svg','standard1.svg',NULL,NULL,4,1,'Apollo Standard',NULL,1,'2019-12-15 09:06:26','2019-12-15 09:06:26'),(73,'STANDARD','Apollo Standard','APL Apollo Tubes produces the widest range of standard pipe products. Our standard pipes carry water, gas and steam through the ventilation and plumbing systems of buildings.','standard2.svg','standard1.svg',NULL,NULL,19,1,'Apollo Standard',NULL,4,'2019-12-15 09:11:51','2019-12-15 09:11:51'),(75,'STANDARD','Apollo Standard','APL Apollo Tubes Limited manufactures high tensile strength hollow sections which are used widely in various industries including automotive, machinery, furniture, construction, etc. These sections come in various shapes, sizes and finishes. Most common among them include Rectangular Hollow Sections (RHS) and Square Hollow Sections (SHS).','standard2.svg','standard1.svg',NULL,NULL,5,0,NULL,NULL,5,'2019-12-20 22:55:34','2019-12-20 22:55:34'),(76,'FIRE-READY','Fire Ready - Apollo Standard','Steel Tube that is covered with a layer of zinc metal is known as Galvanised steel. During the process of galvanising, steel is immersed in a molten zinc bath to ensure a tough and uniform barrier. These Galvanised steel pipes and tubes, are used in water supply, structural applications etc. In order to seek long-term structural performance in the harshest of weather conditions, designers, builders and consumers have turned to using zinc-coated steel pipes. This is because zinc-coated galvanised steel pipes and tube resist the attack of wind, water and road salts. Apart from being easy on the pocket GI pipes are highly corrosion resistant, light in weight, easy to handle during transport and easy to join.','product-1920-47.svg','product-1920-15.svg',NULL,NULL,16,0,NULL,NULL,3,'2019-12-21 07:58:32','2019-12-21 07:58:32'),(77,'SIGNATURE','Signature - Apollo Tricoat','Our designer galvanized pipe – Apollo Signature is an upgrade from the conventional galvanized steel pipes by virtue of engraved designs. They prove to be a better option as they are highly resistant to rust and corrosion because of their galvanized layer while the products are aesthetically superior. They are more environmentally friendly than using wood for fencing, handrails and gates.','product-1920-51.svg','product-1920-19.svg',NULL,NULL,13,1,'Apollo Tricoat',NULL,2,'2019-12-15 09:09:56','2019-12-15 09:09:56');
/*!40000 ALTER TABLE `products` ENABLE KEYS */;
UNLOCK TABLES;

--
-- Table structure for table `products2`
--

DROP TABLE IF EXISTS `products2`;
/*!40101 SET @saved_cs_client     = @@character_set_client */;
/*!50503 SET character_set_client = utf8mb4 */;
CREATE TABLE `products2` (
  `id` int(11) NOT NULL AUTO_INCREMENT,
  `title` varchar(100) DEFAULT NULL,
  `sub_title` varchar(100) DEFAULT NULL,
  `discription` text,
  `icon_active` varchar(100) DEFAULT NULL,
  `icon_in_active` varchar(100) DEFAULT NULL,
  `style` json DEFAULT NULL,
  `header_style` json DEFAULT NULL,
  `category_id` int(11) NOT NULL,
  `is_active` tinyint(4) DEFAULT '0',
  `category` varchar(45) DEFAULT NULL,
  `createdAt` datetime DEFAULT CURRENT_TIMESTAMP,
  `updatedAt` datetime DEFAULT CURRENT_TIMESTAMP,
  PRIMARY KEY (`id`)
) ENGINE=InnoDB AUTO_INCREMENT=74 DEFAULT CHARSET=latin1;
/*!40101 SET character_set_client = @saved_cs_client */;

--
-- Dumping data for table `products2`
--

LOCK TABLES `products2` WRITE;
/*!40000 ALTER TABLE `products2` DISABLE KEYS */;
INSERT INTO `products2` VALUES (1,'BUILD','Hot Dipped Galvanised (GI Pipe, Tubes and Steel Pipes)','APL Apollo Tubes Limited manufactures high tensile strength hollow sections which are used widely in various industries including infrastructure and construction. These sections come in various shapes, sizes and finishes. Most common among them include Rectangular Hollow Sections (RHS) and Square Hollow Sections (SHS).','svg/product-1920-46.svg','svg/product-1920-20.svg',NULL,NULL,16,0,'Apollo Structural','2019-12-08 17:00:05','2019-12-08 17:00:05'),(2,'CHAUKHAT','Hot Dipped Galvanised (GI Pipe, Tubes and Steel Pipes)','Apollo Chaukhat, India’s first closed steel door frames, is our ground-breaking creation that is in sync with our vision of providing quality and innovative products to our customers. We have employed India’s only Direct Forming Technology (DFT) to make these futuristic frames. Apollo Chaukhat frames are light in weight and the installation process is quick as they come in customizable sizes.','svg/product-1920-50.svg','svg/product-1920-18.svg',NULL,NULL,16,0,'Apollo Tricoat','2019-12-08 17:00:05','2019-12-08 17:00:05'),(3,'COSTGUARD','Pre-Galvanised Tube (Roofing)','Apollo Costguard is highly durable, sustainable and stable tubes that can withstand atmospheric corrosion. The atmospheric and corrosive environment at each site determines the thickness of the coating provided. The complete look & finish is aesthetically controlled at APL Apollo’s in-house galvanising facility. It is perfectly used for roofing structures.','svg/product-1920-21.svg','svg/product-1920-45.svg',NULL,NULL,16,0,'Apollo Z','2019-12-08 17:00:05','2019-12-08 17:00:05'),(4,'ELEGANT','Hot Dipped Galvanised (GI Pipe, Tubes and Steel Pipes)','All-new designer pipes, featured in elegant black color with unique carved designs offer products that are superior in quality and are more durable. Along with enhancing the aesthetics of the house, Apollo Elegant Pipes also assure longevity. Being corrosion-resistant and easy to weld, Apollo Elegant Pipes are the go-to products for handrails and fencing applications.','svg/product-1920-49.svg','svg/product-1920-17.svg',NULL,NULL,16,0,'Apollo Tricoat','2019-12-08 17:00:05','2019-12-08 17:00:05'),(5,'FABRITECH','Apollo Structural','APL Apollo Tubes Limited manufactures high tensile strength hollow sections which are used widely in various industries including infrastructure and construction. These sections come in various shapes, sizes and finishes. Most common among them include Rectangular Hollow Sections (RHS) and Square Hollow Sections (SHS).',NULL,NULL,NULL,NULL,6,0,'Apollo Structural\nApollo Structural','2019-12-15 08:26:46','2019-12-15 08:26:46'),(6,'FIRE-READY','Hot Dipped Galvanised (GI Pipe, Tubes and Steel Pipes)','Steel Tube that is covered with a layer of zinc metal is known as Galvanised steel. During the process of galvanising, steel is immersed in a molten zinc bath to ensure a tough and uniform barrier. These Galvanised steel pipes and tubes, are used in water supply, structural applications etc. In order to seek long-term structural performance in the harshest of weather conditions, designers, builders and consumers have turned to using zinc-coated steel pipes. This is because zinc-coated galvanised steel pipes and tube resist the attack of wind, water and road salts. Apart from being easy on the pocket GI pipes are highly corrosion resistant, light in weight, easy to handle during transport and easy to join.','svg/product-1920-47.svg','svg/product-1920-15.svg',NULL,NULL,16,0,'Apollo Standard','2019-12-08 17:00:05','2019-12-08 17:00:05'),(7,'GREEN','Apollo Build','In order to seek long-term structural performance in the harshest of weather conditions, designers, builders and consumers have turned to using zinc-coated steel pipes. This is because zinc-coated galvanised steel pipes and tube resist the attack of wind, water and road salts. Apart from being cheaper, Apollo Build is also light in weight, easy to handle during transport and easy to join.',NULL,NULL,NULL,NULL,8,0,'Apollo Build','2019-12-15 09:09:56','2019-12-15 09:09:56'),(8,'HSS-DFT','Apollo Structural','The use of Direct Forming Technology (DFT) is pioneered by APL Apollo in India and is the only company using this high tech production methodology. High strength, durability, stability and ability to withstand atmospheric corrosion, it is used as an excellent alternative to steel channels, angles and beams in construction and engineering applications at reduced cost.',NULL,NULL,NULL,NULL,1,0,'Apollo Structural','2019-12-14 12:54:02','2019-12-14 12:54:02'),(9,'PLANK','Hot Dipped Galvanised (GI Pipe, Tubes and Steel Pipes)','‘Apollo Steel Plank’ is a new-age steel product in India which is extremely secure and sturdy. It also helps save trees by replacing wooden planks with a better and sturdier alternative. Moreover, steel planks can be forged into more sizes, shapes and designs than their wooden counterparts making them the superior choice. It is being widely accepted for staircase and ceiling applications.','svg/product-1920-48.svg','svg/product-1920-16.svg',NULL,NULL,16,0,'Apollo Tricoat','2019-12-08 17:00:05','2019-12-08 17:00:05'),(10,'SCAFF','Apollo Tricoat','APL Apollo Tubes’ durable metal scaffolding ensures safety and stability while also enduring against factors such as weather conditions, as well as the weight of heavy machinery and of the crew.',NULL,NULL,NULL,NULL,12,0,'Apollo Tricoat','2019-12-15 08:57:14','2019-12-15 08:57:14'),(11,'SIGNATURE','(Fencing)','Our designer galvanized pipe – Apollo Signature is an upgrade from the conventional galvanized steel pipes by virtue of engraved designs. They prove to be a better option as they are highly resistant to rust and corrosion because of their galvanized layer while the products are aesthetically superior. They are more environmentally friendly than using wood for fencing, handrails and gates.','svg/product-1920-51.svg','svg/product-1920-19.svg',NULL,NULL,16,0,'Apollo Tricoat','2019-12-08 17:00:05','2019-12-08 17:00:05'),(12,'STANDARD',NULL,'MS black pipe is manufactured using high grade mild steel and the latest techniques in compliance with the set industry standards that ensure durability and strength. Mild Steel (MS) pipes are widely used across industries because it is easy to weld and forge in various shapes and sizes to meet the various pipelining and tubing applications. It is an ideal choice for carrying liquids, fire fighting, structural and general engineering. These pipes are also known as black pipes.','svg/product-1920-19.svg','svg/product-1920-19.svg',NULL,NULL,16,0,'Apollo Standard','2019-12-08 17:00:05','2019-12-08 17:00:05');
/*!40000 ALTER TABLE `products2` ENABLE KEYS */;
UNLOCK TABLES;
/*!40103 SET TIME_ZONE=@OLD_TIME_ZONE */;

/*!40101 SET SQL_MODE=@OLD_SQL_MODE */;
/*!40014 SET FOREIGN_KEY_CHECKS=@OLD_FOREIGN_KEY_CHECKS */;
/*!40014 SET UNIQUE_CHECKS=@OLD_UNIQUE_CHECKS */;
/*!40101 SET CHARACTER_SET_CLIENT=@OLD_CHARACTER_SET_CLIENT */;
/*!40101 SET CHARACTER_SET_RESULTS=@OLD_CHARACTER_SET_RESULTS */;
/*!40101 SET COLLATION_CONNECTION=@OLD_COLLATION_CONNECTION */;
/*!40111 SET SQL_NOTES=@OLD_SQL_NOTES */;

-- Dump completed on 2019-12-26  0:56:36
